Employee_ID,Employee_Name,Gender,Age,Department_ID,Designation,Joining_Date,Salary,Employment_Status
EMP001,Ananya Sharma,Female,25,D008,Senior Analyst,2024-01-16,850000,Active
EMP002,Vihaan Sharma,Female,22,D007,Manager,2023-11-08,1585000,Active
EMP003,Neha Verma,Male,40,D002,Analyst,2022-07-24,455000,Active
EMP004,Aarav Singh,Male,50,D007,Analyst,2021-06-06,585000,Active
EMP005,Priya Patel,Female,37,D004,Analyst,2022-11-16,520000,Active
EMP006,Neha Verma,Male,35,D002,Senior Analyst,2021-01-31,900000,Active
EMP007,Vivaan Verma,Female,38,D004,Executive,2022-05-27,440000,Active
EMP008,Priya Gupta,Male,37,D004,Manager,2023-07-14,1465000,Active
EMP009,Sai Singh,Female,24,D008,Senior Analyst,2024-09-13,730000,Active
EMP010,Priya Gupta,Female,37,D001,Senior Analyst,2024-04-06,710000,Active
EMP011,Ananya Singh,Female,42,D003,Executive,2020-11-21,510000,Active
EMP012,Aarav Patel,Male,34,D006,Senior Analyst,2025-06-24,810000,Active
EMP013,Arjun Singh,Male,34,D003,Manager,2024-10-25,1695000,Active
EMP014,Rahul Sharma,Female,49,D006,Senior Analyst,2025-05-23,875000,Active
EMP015,Priya Gupta,Female,48,D006,Senior Analyst,2023-08-25,810000,Active
EMP016,Priya Singh,Female,36,D001,Analyst,2021-07-29,650000,Active
EMP017,Priya Singh,Male,49,D002,Senior Analyst,2025-03-07,955000,Active
EMP018,Aarav Sharma,Male,49,D001,Executive,2024-01-30,350000,Active
EMP019,Vihaan Verma,Male,47,D003,Executive,2022-11-11,440000,Active
EMP020,Aditya Patel,Female,38,D003,Analyst,2022-01-22,655000,Active
EMP021,Neha Verma,Female,37,D002,Executive,2019-04-07,445000,Active
EMP022,Sai Gupta,Male,30,D002,Manager,2021-11-04,1775000,Active
EMP023,Ananya Gupta,Male,29,D001,Senior Analyst,2023-06-16,745000,Active
EMP024,Aditya Gupta,Female,39,D004,Analyst,2024-10-16,590000,Active
EMP025,Priya Sharma,Female,43,D006,Senior Analyst,2023-10-13,715000,Active
EMP026,Aditya Patel,Male,31,D002,Executive,2019-11-10,445000,Active
EMP027,Aditya Gupta,Female,26,D001,Executive,2025-04-15,360000,Active
EMP028,Ananya Gupta,Male,48,D001,Senior Analyst,2023-03-29,760000,Active
EMP029,Vivaan Patel,Female,40,D004,Executive,2024-07-09,380000,Active
EMP030,Arjun Singh,Female,22,D006,Manager,2023-07-06,1775000,Active
EMP031,Aarav Patel,Male,49,D006,Executive,2025-04-26,390000,Active
EMP032,Rahul Patel,Female,43,D002,Executive,2023-04-03,525000,Active
EMP033,Priya Gupta,Male,24,D001,Executive,2019-12-13,390000,Active
EMP034,Aditya Singh,Male,30,D006,Senior Analyst,2025-09-24,860000,Active
EMP035,Sai Verma,Female,25,D005,Executive,2021-08-21,540000,Active
EMP036,Aditya Singh,Male,32,D001,Manager,2023-07-24,1245000,Active
EMP037,Aditya Patel,Female,25,D007,Manager,2019-11-10,1565000,Active
EMP038,Ananya Sharma,Female,33,D005,Senior Analyst,2025-04-30,870000,Active
EMP039,Neha Verma,Male,47,D001,Analyst,2022-04-26,450000,Active
EMP040,Vivaan Gupta,Male,48,D001,Analyst,2021-02-08,525000,Active
EMP041,Aditya Sharma,Female,27,D004,Manager,2020-10-13,1675000,Active
EMP042,Rahul Gupta,Female,39,D005,Analyst,2024-05-07,550000,Active
EMP043,Vihaan Verma,Male,22,D001,Analyst,2022-04-25,680000,Active
EMP044,Neha Gupta,Female,34,D002,Executive,2019-09-20,450000,Active
EMP045,Vivaan Verma,Male,47,D008,Manager,2022-12-28,1365000,Active
EMP046,Priya Patel,Female,28,D004,Senior Analyst,2023-01-16,725000,Active
EMP047,Vivaan Gupta,Male,42,D006,Executive,2021-07-20,470000,Active
EMP048,Aarav Verma,Male,32,D005,Executive,2021-10-03,455000,Active
EMP049,Priya Singh,Male,29,D004,Analyst,2019-03-25,525000,Active
EMP050,Vivaan Verma,Male,45,D002,Manager,2019-03-30,1605000,Active
EMP051,Arjun Verma,Female,37,D003,Analyst,2020-02-18,610000,Active
EMP052,Vivaan Singh,Male,27,D003,Executive,2020-08-02,450000,Active
EMP053,Vivaan Singh,Female,26,D004,Executive,2020-08-03,520000,Active
EMP054,Sai Singh,Male,27,D005,Analyst,2023-11-08,620000,Active
EMP055,Aarav Patel,Female,46,D002,Senior Analyst,2024-01-04,955000,Active
EMP056,Priya Verma,Female,49,D008,Manager,2019-02-14,1450000,Active
EMP057,Aditya Verma,Female,22,D007,Executive,2025-05-26,355000,Active
EMP058,Sai Singh,Male,40,D003,Analyst,2020-07-21,530000,Active
EMP059,Rahul Singh,Female,27,D002,Executive,2021-08-14,505000,Active
EMP060,Aditya Singh,Female,38,D008,Analyst,2021-07-13,525000,Active
EMP061,Neha Gupta,Male,44,D007,Executive,2022-10-12,525000,Active
EMP062,Vihaan Sharma,Male,46,D006,Executive,2020-10-15,510000,Active
EMP063,Arjun Verma,Female,49,D006,Senior Analyst,2020-11-07,920000,Active
EMP064,Ananya Sharma,Male,50,D007,Manager,2020-12-23,1295000,Active
EMP065,Rahul Patel,Male,37,D007,Executive,2022-11-26,470000,Active
EMP066,Priya Sharma,Male,47,D005,Senior Analyst,2020-02-18,785000,Active
EMP067,Aditya Singh,Male,36,D004,Analyst,2023-04-16,585000,Active
EMP068,Aditya Verma,Female,26,D008,Manager,2021-05-18,1275000,Active
EMP069,Ananya Singh,Female,25,D005,Manager,2022-02-11,1355000,Active
EMP070,Priya Sharma,Male,38,D008,Manager,2025-06-29,1210000,Active
EMP071,Ananya Patel,Female,28,D003,Analyst,2022-03-12,495000,Active
EMP072,Arjun Verma,Female,48,D008,Senior Analyst,2020-11-19,870000,Active
EMP073,Neha Gupta,Male,46,D004,Executive,2025-05-25,470000,Active
EMP074,Arjun Sharma,Male,25,D001,Senior Analyst,2025-02-11,790000,Active
EMP075,Vivaan Singh,Female,40,D005,Senior Analyst,2023-11-26,860000,Active
EMP076,Priya Verma,Male,25,D008,Executive,2024-01-16,460000,Active
EMP077,Priya Gupta,Female,47,D008,Executive,2020-04-08,470000,Active
EMP078,Vihaan Singh,Male,30,D004,Manager,2024-03-05,1580000,Active
EMP079,Arjun Patel,Female,41,D004,Manager,2023-01-12,1535000,Active
EMP080,Rahul Singh,Female,34,D006,Analyst,2025-07-21,680000,Active
EMP081,Neha Patel,Female,42,D001,Analyst,2023-07-26,680000,Active
EMP082,Rahul Verma,Male,46,D002,Senior Analyst,2025-10-15,700000,Active
EMP083,Arjun Gupta,Female,26,D008,Executive,2021-11-28,505000,Active
EMP084,Neha Singh,Male,30,D002,Senior Analyst,2025-08-16,835000,Active
EMP085,Sai Sharma,Female,22,D003,Analyst,2024-09-08,675000,Active
EMP086,Vivaan Gupta,Female,41,D005,Senior Analyst,2021-05-05,865000,Active
EMP087,Vihaan Verma,Female,24,D002,Senior Analyst,2024-11-13,910000,Active
EMP088,Neha Singh,Male,27,D005,Executive,2025-03-28,435000,Active
EMP089,Ananya Patel,Female,39,D007,Executive,2020-12-06,500000,Active
EMP090,Ananya Verma,Male,30,D004,Executive,2019-05-06,545000,Active
EMP091,Sai Gupta,Male,47,D005,Manager,2021-02-16,1245000,Active
EMP092,Ananya Gupta,Male,41,D005,Senior Analyst,2024-02-25,865000,Active
EMP093,Aditya Patel,Female,33,D005,Senior Analyst,2023-06-30,775000,Active
EMP094,Vihaan Verma,Male,25,D004,Analyst,2023-06-15,550000,Active
EMP095,Vivaan Patel,Male,23,D001,Manager,2021-06-06,1635000,Active
EMP096,Neha Singh,Female,32,D005,Analyst,2020-04-28,645000,Active
EMP097,Vivaan Patel,Female,29,D008,Senior Analyst,2024-01-17,820000,Active
EMP098,Vihaan Patel,Female,36,D007,Senior Analyst,2021-05-17,840000,Active
EMP099,Sai Gupta,Male,28,D002,Executive,2019-07-09,350000,Active
EMP100,Neha Verma,Female,49,D005,Analyst,2021-03-13,575000,Active
EMP101,Aditya Sharma,Male,34,D003,Senior Analyst,2025-01-31,715000,Active
EMP102,Arjun Patel,Male,36,D005,Manager,2019-03-01,1220000,Active
EMP103,Priya Patel,Male,30,D002,Analyst,2023-11-07,475000,Active
EMP104,Aarav Gupta,Male,45,D005,Senior Analyst,2021-02-25,910000,Active
EMP105,Rahul Verma,Female,30,D004,Manager,2021-10-02,1235000,Active
EMP106,Sai Gupta,Male,50,D006,Senior Analyst,2025-02-18,830000,Active
EMP107,Priya Gupta,Male,44,D005,Senior Analyst,2019-10-24,780000,Active
EMP108,Vivaan Patel,Male,28,D007,Senior Analyst,2019-07-03,715000,Active
EMP109,Priya Gupta,Female,25,D006,Analyst,2019-06-14,490000,Active
EMP110,Neha Patel,Female,46,D008,Analyst,2019-04-11,685000,Active
EMP111,Vivaan Verma,Female,24,D005,Executive,2019-05-21,470000,Active
EMP112,Arjun Verma,Male,30,D007,Analyst,2020-04-24,665000,Active
EMP113,Vivaan Gupta,Male,38,D004,Executive,2022-09-14,455000,Active
EMP114,Ananya Gupta,Male,26,D008,Manager,2024-11-15,1555000,Active
EMP115,Arjun Patel,Male,33,D007,Analyst,2024-11-04,550000,Active
EMP116,Rahul Verma,Male,40,D002,Analyst,2019-06-28,545000,Active
EMP117,Rahul Verma,Female,33,D005,Executive,2022-08-25,515000,Active
EMP118,Priya Sharma,Male,32,D006,Analyst,2022-09-03,630000,Active
EMP119,Neha Verma,Female,36,D006,Analyst,2023-04-08,475000,Active
EMP120,Aditya Sharma,Female,40,D005,Analyst,2021-10-02,670000,Active
EMP121,Sai Verma,Female,31,D008,Executive,2025-09-16,455000,Active
EMP122,Aarav Patel,Female,43,D004,Senior Analyst,2025-04-24,740000,Active
EMP123,Aditya Gupta,Male,47,D002,Analyst,2025-02-13,665000,Active
EMP124,Vivaan Patel,Female,24,D002,Executive,2019-10-26,415000,Active
EMP125,Priya Gupta,Male,40,D006,Senior Analyst,2024-06-16,925000,Active
EMP126,Vihaan Patel,Female,49,D004,Executive,2023-10-09,490000,Active
EMP127,Priya Patel,Female,45,D002,Executive,2021-11-16,480000,Active
EMP128,Aarav Singh,Female,38,D008,Senior Analyst,2019-11-09,825000,Active
EMP129,Aarav Verma,Female,22,D004,Manager,2022-05-11,1645000,Active
EMP130,Priya Sharma,Female,38,D006,Analyst,2025-02-02,655000,Active
EMP131,Priya Gupta,Female,41,D005,Executive,2024-01-28,445000,Active
EMP132,Priya Gupta,Male,39,D003,Senior Analyst,2021-11-01,900000,Active
EMP133,Rahul Singh,Male,33,D007,Analyst,2023-07-06,540000,Active
EMP134,Vivaan Sharma,Male,34,D005,Analyst,2024-03-17,535000,Active
EMP135,Neha Verma,Female,36,D002,Executive,2024-06-04,460000,Active
EMP136,Rahul Patel,Male,27,D005,Senior Analyst,2023-02-15,970000,Active
EMP137,Ananya Verma,Female,30,D005,Senior Analyst,2023-09-20,920000,Active
EMP138,Rahul Verma,Female,28,D008,Executive,2023-07-05,485000,Active
EMP139,Vivaan Patel,Male,26,D004,Analyst,2019-04-18,480000,Active
EMP140,Aditya Gupta,Male,34,D003,Executive,2019-01-13,375000,Active
EMP141,Ananya Sharma,Male,39,D007,Manager,2022-11-21,1230000,Active
EMP142,Priya Gupta,Male,30,D005,Analyst,2021-01-03,600000,Active
EMP143,Vihaan Sharma,Female,25,D008,Analyst,2022-04-20,665000,Active
EMP144,Rahul Sharma,Female,25,D003,Manager,2023-05-02,1590000,Active
EMP145,Aditya Singh,Female,35,D005,Senior Analyst,2024-07-10,900000,Active
EMP146,Ananya Verma,Female,25,D001,Senior Analyst,2022-11-21,995000,Active
EMP147,Aarav Singh,Female,31,D002,Executive,2021-07-25,510000,Active
EMP148,Arjun Patel,Female,26,D003,Executive,2021-11-15,410000,Active
EMP149,Priya Singh,Male,39,D003,Manager,2023-08-22,1370000,Active
EMP150,Neha Verma,Female,37,D004,Executive,2024-08-04,465000,Active
EMP151,Vihaan Verma,Male,41,D003,Manager,2025-07-05,1640000,Active
EMP152,Priya Patel,Male,38,D006,Manager,2024-12-04,1640000,Active
EMP153,Vihaan Verma,Female,37,D006,Senior Analyst,2020-04-29,740000,Active
EMP154,Arjun Patel,Male,42,D001,Senior Analyst,2025-04-25,755000,Active
EMP155,Vihaan Singh,Male,38,D005,Analyst,2023-09-26,550000,Active
EMP156,Aarav Verma,Male,24,D004,Analyst,2022-02-21,665000,Active
EMP157,Arjun Singh,Female,22,D002,Executive,2022-09-13,460000,Active
EMP158,Vivaan Verma,Male,43,D001,Senior Analyst,2022-11-22,720000,Active
EMP159,Vivaan Verma,Female,29,D005,Analyst,2024-12-09,465000,Active
EMP160,Aarav Sharma,Male,34,D006,Executive,2021-09-18,380000,Active
EMP161,Arjun Sharma,Female,25,D006,Executive,2020-05-30,540000,Active
EMP162,Rahul Sharma,Female,40,D007,Executive,2025-01-03,475000,Active
EMP163,Vihaan Verma,Male,23,D002,Executive,2020-12-18,425000,Active
EMP164,Rahul Verma,Male,30,D005,Senior Analyst,2024-12-11,780000,Active
EMP165,Aditya Gupta,Male,45,D006,Manager,2019-10-10,1615000,Active
EMP166,Priya Singh,Male,41,D005,Executive,2023-12-30,390000,Active
EMP167,Vivaan Singh,Male,43,D004,Senior Analyst,2024-06-05,965000,Active
EMP168,Sai Verma,Male,26,D007,Executive,2023-12-07,475000,Active
EMP169,Ananya Patel,Female,31,D001,Analyst,2025-01-09,450000,Active
EMP170,Rahul Singh,Male,36,D001,Senior Analyst,2023-11-05,890000,Active
EMP171,Arjun Verma,Female,34,D008,Manager,2019-08-07,1260000,Active
EMP172,Aarav Sharma,Male,48,D002,Manager,2025-08-02,1285000,Active
EMP173,Priya Verma,Female,47,D008,Executive,2021-10-01,545000,Active
EMP174,Vivaan Singh,Female,49,D003,Senior Analyst,2020-04-21,945000,Active
EMP175,Sai Gupta,Female,30,D001,Analyst,2023-11-17,580000,Active
EMP176,Sai Verma,Female,36,D004,Manager,2025-11-02,1530000,Active
EMP177,Aarav Verma,Male,50,D003,Senior Analyst,2025-02-02,905000,Active
EMP178,Sai Sharma,Male,37,D004,Manager,2023-04-19,1600000,Active
EMP179,Rahul Patel,Male,29,D006,Senior Analyst,2022-09-09,910000,Active
EMP180,Neha Gupta,Female,37,D004,Senior Analyst,2023-11-05,840000,Active
EMP181,Priya Sharma,Female,30,D003,Manager,2020-09-05,1205000,Active
EMP182,Rahul Sharma,Male,42,D002,Manager,2021-01-19,1490000,Active
EMP183,Priya Verma,Male,26,D002,Manager,2021-11-08,1210000,Active
EMP184,Rahul Patel,Female,22,D004,Manager,2023-09-29,1780000,Active
EMP185,Aditya Verma,Male,24,D003,Senior Analyst,2020-12-20,820000,Active
EMP186,Priya Patel,Female,29,D001,Analyst,2024-10-13,680000,Active
EMP187,Priya Singh,Male,29,D007,Senior Analyst,2024-03-19,735000,Active
EMP188,Rahul Sharma,Male,42,D008,Analyst,2019-07-04,615000,Active
EMP189,Aarav Sharma,Female,36,D005,Senior Analyst,2023-08-30,750000,Active
EMP190,Priya Verma,Female,38,D007,Senior Analyst,2025-03-18,750000,Active
EMP191,Rahul Patel,Female,48,D005,Manager,2023-01-14,1790000,Active
EMP192,Arjun Singh,Female,49,D003,Senior Analyst,2019-12-09,930000,Active
EMP193,Sai Patel,Female,30,D005,Executive,2022-12-01,470000,Active
EMP194,Ananya Gupta,Male,26,D003,Executive,2021-11-01,420000,Active
EMP195,Vivaan Singh,Male,39,D007,Senior Analyst,2021-09-09,880000,Active
EMP196,Priya Gupta,Female,44,D004,Senior Analyst,2019-12-05,900000,Active
EMP197,Aditya Sharma,Male,45,D007,Analyst,2023-04-17,580000,Active
EMP198,Ananya Singh,Male,43,D002,Senior Analyst,2021-09-15,970000,Active
EMP199,Aditya Verma,Male,43,D007,Manager,2023-01-01,1675000,Active
EMP200,Vihaan Verma,Male,33,D008,Senior Analyst,2025-01-01,790000,Active
EMP201,Priya Verma,Male,44,D008,Analyst,2019-03-31,540000,Active
EMP202,Ananya Verma,Female,30,D001,Analyst,2019-08-02,550000,Active
EMP203,Aditya Sharma,Male,49,D007,Senior Analyst,2025-07-30,775000,Active
EMP204,Priya Singh,Female,25,D004,Senior Analyst,2023-04-22,910000,Active
EMP205,Ananya Verma,Male,44,D002,Senior Analyst,2021-04-05,940000,Active
EMP206,Neha Singh,Male,30,D001,Manager,2020-11-18,1625000,Active
EMP207,Rahul Verma,Female,34,D005,Senior Analyst,2024-07-16,730000,Active
EMP208,Aditya Singh,Male,36,D001,Senior Analyst,2024-06-23,765000,Active
EMP209,Priya Verma,Male,25,D002,Manager,2019-06-24,1740000,Active
EMP210,Neha Patel,Male,41,D004,Manager,2024-09-18,1445000,Active
EMP211,Vihaan Patel,Female,43,D002,Executive,2022-10-28,365000,Active
EMP212,Aarav Singh,Male,50,D003,Manager,2022-03-15,1500000,Active
EMP213,Ananya Singh,Male,49,D007,Analyst,2020-01-12,575000,Active
EMP214,Rahul Verma,Female,37,D001,Executive,2025-03-11,500000,Active
EMP215,Rahul Verma,Female,47,D003,Analyst,2025-09-07,635000,Active
EMP216,Vivaan Singh,Female,35,D007,Executive,2024-10-30,355000,Active
EMP217,Aarav Singh,Male,25,D006,Analyst,2022-10-11,565000,Active
EMP218,Sai Singh,Male,37,D002,Analyst,2025-01-19,590000,Active
EMP219,Priya Singh,Male,27,D006,Executive,2023-01-18,415000,Active
EMP220,Ananya Patel,Male,34,D006,Senior Analyst,2024-09-14,830000,Active
EMP221,Sai Verma,Female,23,D002,Executive,2021-10-07,430000,Active
EMP222,Priya Verma,Male,24,D003,Manager,2021-12-30,1460000,Active
EMP223,Aditya Verma,Female,29,D004,Analyst,2020-02-09,535000,Active
EMP224,Aarav Singh,Female,47,D004,Manager,2025-02-04,1245000,Active
EMP225,Sai Verma,Male,23,D008,Executive,2023-01-30,360000,Active
EMP226,Sai Gupta,Male,50,D001,Analyst,2025-08-06,670000,Active
EMP227,Aditya Patel,Male,25,D003,Manager,2025-07-31,1520000,Active
EMP228,Arjun Gupta,Male,47,D001,Analyst,2023-01-19,595000,Active
EMP229,Ananya Verma,Male,42,D001,Executive,2019-02-27,505000,Active
EMP230,Aditya Verma,Male,22,D004,Analyst,2019-12-13,615000,Active
EMP231,Aarav Singh,Male,28,D008,Senior Analyst,2022-03-28,775000,Active
EMP232,Priya Verma,Female,34,D002,Manager,2021-03-10,1580000,Active
EMP233,Vihaan Singh,Female,40,D007,Senior Analyst,2024-04-25,815000,Active
EMP234,Neha Sharma,Male,43,D007,Analyst,2025-07-12,555000,Active
EMP235,Vivaan Gupta,Male,44,D008,Executive,2025-10-26,530000,Active
EMP236,Ananya Singh,Female,41,D008,Manager,2020-11-08,1730000,Active
EMP237,Priya Verma,Female,41,D005,Executive,2021-11-12,445000,Active
EMP238,Ananya Sharma,Female,36,D006,Analyst,2021-08-08,610000,Active
EMP239,Vihaan Gupta,Female,44,D003,Manager,2023-04-22,1750000,Active
EMP240,Aarav Sharma,Female,49,D001,Manager,2021-11-13,1680000,Active
EMP241,Arjun Gupta,Male,32,D006,Analyst,2022-06-18,635000,Active
EMP242,Vihaan Sharma,Female,25,D002,Analyst,2020-06-09,695000,Active
EMP243,Rahul Singh,Female,29,D001,Executive,2021-01-19,510000,Active
EMP244,Arjun Verma,Female,35,D008,Executive,2019-10-31,410000,Active
EMP245,Vihaan Singh,Male,41,D004,Manager,2021-07-08,1355000,Active
EMP246,Rahul Patel,Male,45,D005,Manager,2023-01-14,1200000,Active
EMP247,Neha Gupta,Male,43,D003,Executive,2019-05-08,465000,Active
EMP248,Priya Verma,Female,32,D002,Manager,2025-07-18,1610000,Active
EMP249,Priya Verma,Female,22,D005,Executive,2019-12-21,505000,Active
EMP250,Priya Patel,Female,35,D006,Analyst,2021-08-02,465000,Active
